{
  "Checkout Page" : {
    "transaction" : "Checkout Page",
    "sampleCount" : 5,
    "errorCount" : 0,
    "errorPct" : 0.0,
    "meanResTime" : 275.6,
    "medianResTime" : 274.0,
    "minResTime" : 267.0,
    "maxResTime" : 290.0,
    "pct1ResTime" : 290.0,
    "pct2ResTime" : 290.0,
    "pct3ResTime" : 290.0,
    "throughput" : 3.937007874015748,
    "receivedKBytesPerSec" : 59.13201279527559,
    "sentKBytesPerSec" : 0.6382258858267716
  },
  "Cart Page" : {
    "transaction" : "Cart Page",
    "sampleCount" : 5,
    "errorCount" : 0,
    "errorPct" : 0.0,
    "meanResTime" : 358.0,
    "medianResTime" : 272.0,
    "minResTime" : 253.0,
    "maxResTime" : 686.0,
    "pct1ResTime" : 686.0,
    "pct2ResTime" : 686.0,
    "pct3ResTime" : 686.0,
    "throughput" : 3.802281368821293,
    "receivedKBytesPerSec" : 57.114424904942965,
    "sentKBytesPerSec" : 0.6163854562737643
  },
  "Total" : {
    "transaction" : "Total",
    "sampleCount" : 20,
    "errorCount" : 0,
    "errorPct" : 0.0,
    "meanResTime" : 991.2999999999998,
    "medianResTime" : 302.5,
    "minResTime" : 253.0,
    "maxResTime" : 3920.0,
    "pct1ResTime" : 3076.8,
    "pct2ResTime" : 3878.6999999999994,
    "pct3ResTime" : 3920.0,
    "throughput" : 4.187604690117253,
    "receivedKBytesPerSec" : 77.64285293655779,
    "sentKBytesPerSec" : 0.7013419964405361
  },
  "Tablet Page" : {
    "transaction" : "Tablet Page",
    "sampleCount" : 5,
    "errorCount" : 0,
    "errorPct" : 0.0,
    "meanResTime" : 310.4,
    "medianResTime" : 315.0,
    "minResTime" : 282.0,
    "maxResTime" : 342.0,
    "pct1ResTime" : 342.0,
    "pct2ResTime" : 342.0,
    "pct3ResTime" : 342.0,
    "throughput" : 3.61794500723589,
    "receivedKBytesPerSec" : 79.81879183248915,
    "sentKBytesPerSec" : 0.6253674475397974
  },
  "Home Page" : {
    "transaction" : "Home Page",
    "sampleCount" : 5,
    "errorCount" : 0,
    "errorPct" : 0.0,
    "meanResTime" : 3021.2,
    "medianResTime" : 2922.0,
    "minResTime" : 2433.0,
    "maxResTime" : 3920.0,
    "pct1ResTime" : 3920.0,
    "pct2ResTime" : 3920.0,
    "pct3ResTime" : 3920.0,
    "throughput" : 1.2693577050012694,
    "receivedKBytesPerSec" : 28.004460602310232,
    "sentKBytesPerSec" : 0.21941046268088346
  }
}