{
  "Checkout Page" : {
    "transaction" : "Checkout Page",
    "sampleCount" : 300,
    "errorCount" : 300,
    "errorPct" : 100.0,
    "meanResTime" : 105698.6366666666,
    "medianResTime" : 107089.0,
    "minResTime" : 94220.0,
    "maxResTime" : 116221.0,
    "pct1ResTime" : 114384.3,
    "pct2ResTime" : 115133.0,
    "pct3ResTime" : 115884.57,
    "throughput" : 1.3655916425791474,
    "receivedKBytesPerSec" : 3.7607113594464803,
    "sentKBytesPerSec" : 0.0
  },
  "Cart Page" : {
    "transaction" : "Cart Page",
    "sampleCount" : 300,
    "errorCount" : 300,
    "errorPct" : 100.0,
    "meanResTime" : 97162.98333333331,
    "medianResTime" : 97018.0,
    "minResTime" : 92336.0,
    "maxResTime" : 101008.0,
    "pct1ResTime" : 99987.8,
    "pct2ResTime" : 100616.3,
    "pct3ResTime" : 100965.84,
    "throughput" : 1.483298063801594,
    "receivedKBytesPerSec" : 4.084863808516109,
    "sentKBytesPerSec" : 0.0
  },
  "Total" : {
    "transaction" : "Total",
    "sampleCount" : 1200,
    "errorCount" : 1200,
    "errorPct" : 100.0,
    "meanResTime" : 85380.90083333329,
    "medianResTime" : 94555.0,
    "minResTime" : 15119.0,
    "maxResTime" : 116221.0,
    "pct1ResTime" : 108442.1,
    "pct2ResTime" : 110736.50000000001,
    "pct3ResTime" : 115337.54,
    "throughput" : 2.9503746975865934,
    "receivedKBytesPerSec" : 8.149226398692738,
    "sentKBytesPerSec" : 0.0
  },
  "Tablet Page" : {
    "transaction" : "Tablet Page",
    "sampleCount" : 300,
    "errorCount" : 300,
    "errorPct" : 100.0,
    "meanResTime" : 84319.44666666663,
    "medianResTime" : 83768.5,
    "minResTime" : 74167.0,
    "maxResTime" : 99803.0,
    "pct1ResTime" : 91206.30000000002,
    "pct2ResTime" : 94414.0,
    "pct3ResTime" : 98334.68000000001,
    "throughput" : 1.6643919976032755,
    "receivedKBytesPerSec" : 4.583579524649645,
    "sentKBytesPerSec" : 0.0
  },
  "Home Page" : {
    "transaction" : "Home Page",
    "sampleCount" : 300,
    "errorCount" : 300,
    "errorPct" : 100.0,
    "meanResTime" : 54342.536666666674,
    "medianResTime" : 53463.0,
    "minResTime" : 15119.0,
    "maxResTime" : 96892.0,
    "pct1ResTime" : 85322.90000000001,
    "pct2ResTime" : 94310.1,
    "pct3ResTime" : 96645.87,
    "throughput" : 3.0961988998173244,
    "receivedKBytesPerSec" : 8.628104503808325,
    "sentKBytesPerSec" : 0.0
  }
}