{
  "Total" : {
    "transaction" : "Total",
    "sampleCount" : 500,
    "errorCount" : 438,
    "errorPct" : 87.6,
    "meanResTime" : 25851.673999999966,
    "medianResTime" : 25995.0,
    "minResTime" : 2519.0,
    "maxResTime" : 44406.0,
    "pct1ResTime" : 39022.3,
    "pct2ResTime" : 41239.75,
    "pct3ResTime" : 43937.57,
    "throughput" : 3.5330695308083664,
    "receivedKBytesPerSec" : 19.849736896728377,
    "sentKBytesPerSec" : 0.0770098749293386
  },
  "HTTP Request" : {
    "transaction" : "HTTP Request",
    "sampleCount" : 500,
    "errorCount" : 438,
    "errorPct" : 87.6,
    "meanResTime" : 25851.673999999966,
    "medianResTime" : 25995.0,
    "minResTime" : 2519.0,
    "maxResTime" : 44406.0,
    "pct1ResTime" : 39022.3,
    "pct2ResTime" : 41239.75,
    "pct3ResTime" : 43937.57,
    "throughput" : 3.5330695308083664,
    "receivedKBytesPerSec" : 19.849736896728377,
    "sentKBytesPerSec" : 0.0770098749293386
  }
}