{
  "Checkout Page" : {
    "transaction" : "Checkout Page",
    "sampleCount" : 50,
    "errorCount" : 0,
    "errorPct" : 0.0,
    "meanResTime" : 695.1,
    "medianResTime" : 782.5,
    "minResTime" : 271.0,
    "maxResTime" : 1309.0,
    "pct1ResTime" : 855.1,
    "pct2ResTime" : 930.4499999999998,
    "pct3ResTime" : 1309.0,
    "throughput" : 3.8898397386027694,
    "receivedKBytesPerSec" : 58.42736818305586,
    "sentKBytesPerSec" : 0.6305794888750584
  },
  "Cart Page" : {
    "transaction" : "Cart Page",
    "sampleCount" : 50,
    "errorCount" : 0,
    "errorPct" : 0.0,
    "meanResTime" : 702.06,
    "medianResTime" : 800.5,
    "minResTime" : 250.0,
    "maxResTime" : 958.0,
    "pct1ResTime" : 929.6,
    "pct2ResTime" : 941.15,
    "pct3ResTime" : 958.0,
    "throughput" : 3.698498409645684,
    "receivedKBytesPerSec" : 55.55029033212516,
    "sentKBytesPerSec" : 0.5995612656261557
  },
  "Total" : {
    "transaction" : "Total",
    "sampleCount" : 200,
    "errorCount" : 30,
    "errorPct" : 15.0,
    "meanResTime" : 6136.975000000003,
    "medianResTime" : 970.5,
    "minResTime" : 250.0,
    "maxResTime" : 19386.0,
    "pct1ResTime" : 16190.0,
    "pct2ResTime" : 16473.1,
    "pct3ResTime" : 19152.750000000004,
    "throughput" : 6.576135205339821,
    "receivedKBytesPerSec" : 102.48351213913458,
    "sentKBytesPerSec" : 0.9308699199355539
  },
  "Tablet Page" : {
    "transaction" : "Tablet Page",
    "sampleCount" : 50,
    "errorCount" : 0,
    "errorPct" : 0.0,
    "meanResTime" : 6969.800000000001,
    "medianResTime" : 8905.5,
    "minResTime" : 881.0,
    "maxResTime" : 13750.0,
    "pct1ResTime" : 12615.0,
    "pct2ResTime" : 13220.649999999996,
    "pct3ResTime" : 13750.0,
    "throughput" : 3.4891835310537336,
    "receivedKBytesPerSec" : 76.97568202634334,
    "sentKBytesPerSec" : 0.6031108251919051
  },
  "Home Page" : {
    "transaction" : "Home Page",
    "sampleCount" : 50,
    "errorCount" : 30,
    "errorPct" : 60.0,
    "meanResTime" : 16180.940000000002,
    "medianResTime" : 15975.0,
    "minResTime" : 14883.0,
    "maxResTime" : 19386.0,
    "pct1ResTime" : 17520.3,
    "pct2ResTime" : 18923.25,
    "pct3ResTime" : 19386.0,
    "throughput" : 2.5774524460023716,
    "receivedKBytesPerSec" : 26.38072919351513,
    "sentKBytesPerSec" : 0.1782066730243827
  }
}