{
  "DELETE User" : {
    "transaction" : "DELETE User",
    "sampleCount" : 100,
    "errorCount" : 0,
    "errorPct" : 0.0,
    "meanResTime" : 1509.78,
    "medianResTime" : 211.0,
    "minResTime" : 202.0,
    "maxResTime" : 83867.0,
    "pct1ResTime" : 238.9,
    "pct2ResTime" : 252.44999999999987,
    "pct3ResTime" : 83489.05999999981,
    "throughput" : 0.31444365484148895,
    "receivedKBytesPerSec" : 0.03715593968341813,
    "sentKBytesPerSec" : 0.062335997981271735
  },
  "POST Books" : {
    "transaction" : "POST Books",
    "sampleCount" : 50,
    "errorCount" : 0,
    "errorPct" : 0.0,
    "meanResTime" : 86530.1,
    "medianResTime" : 86296.5,
    "minResTime" : 40004.0,
    "maxResTime" : 125094.0,
    "pct1ResTime" : 121149.7,
    "pct2ResTime" : 123032.44999999998,
    "pct3ResTime" : 125094.0,
    "throughput" : 0.3043121024923161,
    "receivedKBytesPerSec" : 0.09420599266607832,
    "sentKBytesPerSec" : 0.10549882459450412
  },
  "UPDATE Cover photo" : {
    "transaction" : "UPDATE Cover photo",
    "sampleCount" : 10,
    "errorCount" : 0,
    "errorPct" : 0.0,
    "meanResTime" : 216.5,
    "medianResTime" : 210.5,
    "minResTime" : 206.0,
    "maxResTime" : 236.0,
    "pct1ResTime" : 235.5,
    "pct2ResTime" : 236.0,
    "pct3ResTime" : 236.0,
    "throughput" : 0.06688918468772784,
    "receivedKBytesPerSec" : 0.01495861649754851,
    "sentKBytesPerSec" : 0.016852939110775178
  },
  "POST Activities" : {
    "transaction" : "POST Activities",
    "sampleCount" : 10,
    "errorCount" : 0,
    "errorPct" : 0.0,
    "meanResTime" : 89349.70000000001,
    "medianResTime" : 81751.0,
    "minResTime" : 53892.0,
    "maxResTime" : 116941.0,
    "pct1ResTime" : 116829.8,
    "pct2ResTime" : 116941.0,
    "pct3ResTime" : 116941.0,
    "throughput" : 0.059371140875843074,
    "receivedKBytesPerSec" : 0.01588641855466895,
    "sentKBytesPerSec" : 0.01779974633680061
  },
  "GET Books" : {
    "transaction" : "GET Books",
    "sampleCount" : 50,
    "errorCount" : 0,
    "errorPct" : 0.0,
    "meanResTime" : 120136.27999999998,
    "medianResTime" : 123133.5,
    "minResTime" : 92399.0,
    "maxResTime" : 157770.0,
    "pct1ResTime" : 144340.9,
    "pct2ResTime" : 150434.49999999994,
    "pct3ResTime" : 157770.0,
    "throughput" : 0.3162375323352877,
    "receivedKBytesPerSec" : 29.40014631915324,
    "sentKBytesPerSec" : 0.0552798030156411
  },
  "UPDATE Author" : {
    "transaction" : "UPDATE Author",
    "sampleCount" : 100,
    "errorCount" : 0,
    "errorPct" : 0.0,
    "meanResTime" : 2086.94,
    "medianResTime" : 212.0,
    "minResTime" : 203.0,
    "maxResTime" : 82473.0,
    "pct1ResTime" : 242.9,
    "pct2ResTime" : 257.95,
    "pct3ResTime" : 82471.44,
    "throughput" : 0.30737547451088876,
    "receivedKBytesPerSec" : 0.07624352590406812,
    "sentKBytesPerSec" : 0.08524866675887932
  },
  "GET Books Cover photo by Id" : {
    "transaction" : "GET Books Cover photo by Id",
    "sampleCount" : 10,
    "errorCount" : 0,
    "errorPct" : 0.0,
    "meanResTime" : 45402.2,
    "medianResTime" : 52815.0,
    "minResTime" : 220.0,
    "maxResTime" : 92794.0,
    "pct1ResTime" : 90304.1,
    "pct2ResTime" : 92794.0,
    "pct3ResTime" : 92794.0,
    "throughput" : 0.06759725555142461,
    "receivedKBytesPerSec" : 0.0194078057930848,
    "sentKBytesPerSec" : 0.01320258897488762
  },
  "GET user by id" : {
    "transaction" : "GET user by id",
    "sampleCount" : 100,
    "errorCount" : 0,
    "errorPct" : 0.0,
    "meanResTime" : 44919.240000000005,
    "medianResTime" : 52093.0,
    "minResTime" : 212.0,
    "maxResTime" : 87019.0,
    "pct1ResTime" : 71322.20000000001,
    "pct2ResTime" : 80508.55,
    "pct3ResTime" : 86980.70999999998,
    "throughput" : 0.5537558490461555,
    "receivedKBytesPerSec" : 0.13303119029819752,
    "sentKBytesPerSec" : 0.09788067253647867
  },
  "GET Books by id" : {
    "transaction" : "GET Books by id",
    "sampleCount" : 50,
    "errorCount" : 0,
    "errorPct" : 0.0,
    "meanResTime" : 52844.700000000004,
    "medianResTime" : 52782.0,
    "minResTime" : 224.0,
    "maxResTime" : 93045.0,
    "pct1ResTime" : 84312.0,
    "pct2ResTime" : 89071.34999999999,
    "pct3ResTime" : 93045.0,
    "throughput" : 0.2975234150927678,
    "receivedKBytesPerSec" : 0.193186834663263,
    "sentKBytesPerSec" : 0.05258958801932712
  },
  "GET Activities" : {
    "transaction" : "GET Activities",
    "sampleCount" : 10,
    "errorCount" : 0,
    "errorPct" : 0.0,
    "meanResTime" : 126669.09999999999,
    "medianResTime" : 128615.0,
    "minResTime" : 91993.0,
    "maxResTime" : 144608.0,
    "pct1ResTime" : 144607.5,
    "pct2ResTime" : 144608.0,
    "pct3ResTime" : 144608.0,
    "throughput" : 0.06914625123598923,
    "receivedKBytesPerSec" : 0.20548726282835825,
    "sentKBytesPerSec" : 0.012424717018966816
  },
  "POST Authors" : {
    "transaction" : "POST Authors",
    "sampleCount" : 100,
    "errorCount" : 0,
    "errorPct" : 0.0,
    "meanResTime" : 81931.82999999999,
    "medianResTime" : 83958.5,
    "minResTime" : 27626.0,
    "maxResTime" : 126863.0,
    "pct1ResTime" : 115797.1,
    "pct2ResTime" : 121652.45,
    "pct3ResTime" : 126835.01999999999,
    "throughput" : 0.5717520197140097,
    "receivedKBytesPerSec" : 0.14237965334675043,
    "sentKBytesPerSec" : 0.15857184921755735
  },
  "DELETE Author" : {
    "transaction" : "DELETE Author",
    "sampleCount" : 100,
    "errorCount" : 0,
    "errorPct" : 0.0,
    "meanResTime" : 872.0000000000002,
    "medianResTime" : 209.0,
    "minResTime" : 203.0,
    "maxResTime" : 61527.0,
    "pct1ResTime" : 220.8,
    "pct2ResTime" : 251.29999999999984,
    "pct3ResTime" : 60947.189999999704,
    "throughput" : 0.3042537719861382,
    "receivedKBytesPerSec" : 0.03595186172883078,
    "sentKBytesPerSec" : 0.060910178962068684
  },
  "DELETE Activities" : {
    "transaction" : "DELETE Activities",
    "sampleCount" : 10,
    "errorCount" : 0,
    "errorPct" : 0.0,
    "meanResTime" : 211.5,
    "medianResTime" : 207.5,
    "minResTime" : 203.0,
    "maxResTime" : 234.0,
    "pct1ResTime" : 233.6,
    "pct2ResTime" : 234.0,
    "pct3ResTime" : 234.0,
    "throughput" : 0.06987631891551953,
    "receivedKBytesPerSec" : 0.00825686971560338,
    "sentKBytesPerSec" : 0.014193627279714903
  },
  "DELETE Cover" : {
    "transaction" : "DELETE Cover",
    "sampleCount" : 10,
    "errorCount" : 0,
    "errorPct" : 0.0,
    "meanResTime" : 211.3,
    "medianResTime" : 210.5,
    "minResTime" : 205.0,
    "maxResTime" : 220.0,
    "pct1ResTime" : 219.7,
    "pct2ResTime" : 220.0,
    "pct3ResTime" : 220.0,
    "throughput" : 0.06689052696357142,
    "receivedKBytesPerSec" : 0.007904056408781389,
    "sentKBytesPerSec" : 0.013652461069713307
  },
  "GET users" : {
    "transaction" : "GET users",
    "sampleCount" : 100,
    "errorCount" : 0,
    "errorPct" : 0.0,
    "meanResTime" : 121876.43,
    "medianResTime" : 122077.5,
    "minResTime" : 85368.0,
    "maxResTime" : 158911.0,
    "pct1ResTime" : 154497.5,
    "pct2ResTime" : 155430.9,
    "pct3ResTime" : 158899.00999999998,
    "throughput" : 0.5929263881889064,
    "receivedKBytesPerSec" : 0.4169013666953248,
    "sentKBytesPerSec" : 0.10364631199786546
  },
  "GET Author By Id" : {
    "transaction" : "GET Author By Id",
    "sampleCount" : 100,
    "errorCount" : 0,
    "errorPct" : 0.0,
    "meanResTime" : 8755.78,
    "medianResTime" : 246.0,
    "minResTime" : 206.0,
    "maxResTime" : 68461.0,
    "pct1ResTime" : 38755.800000000025,
    "pct2ResTime" : 50368.14999999999,
    "pct3ResTime" : 68460.87,
    "throughput" : 0.41140581480978655,
    "receivedKBytesPerSec" : 0.10686908861269846,
    "sentKBytesPerSec" : 0.07352271885760833
  },
  "GET Author books by id" : {
    "transaction" : "GET Author books by id",
    "sampleCount" : 100,
    "errorCount" : 0,
    "errorPct" : 0.0,
    "meanResTime" : 45114.40999999999,
    "medianResTime" : 50749.5,
    "minResTime" : 213.0,
    "maxResTime" : 93626.0,