{
  "POST Author" : {
    "transaction" : "POST Author",
    "sampleCount" : 2,
    "errorCount" : 2,
    "errorPct" : 100.0,
    "meanResTime" : 1143.0,
    "medianResTime" : 1143.0,
    "minResTime" : 1079.0,
    "maxResTime" : 1207.0,
    "pct1ResTime" : 1207.0,
    "pct2ResTime" : 1207.0,
    "pct3ResTime" : 1207.0,
    "throughput" : 1.5026296018031555,
    "receivedKBytesPerSec" : 0.1511434072126221,
    "sentKBytesPerSec" : 0.4211471637866266
  },
  "Total" : {
    "transaction" : "Total",
    "sampleCount" : 10,
    "errorCount" : 10,
    "errorPct" : 100.0,
    "meanResTime" : 1354.6,
    "medianResTime" : 1102.5,
    "minResTime" : 694.0,
    "maxResTime" : 2942.0,
    "pct1ResTime" : 2894.3,
    "pct2ResTime" : 2942.0,
    "pct3ResTime" : 2942.0,
    "throughput" : 1.411631846414455,
    "receivedKBytesPerSec" : 0.14199031267645398,
    "sentKBytesPerSec" : 0.3258884457933371
  },
  "GET Author" : {
    "transaction" : "GET Author",
    "sampleCount" : 2,
    "errorCount" : 2,
    "errorPct" : 100.0,
    "meanResTime" : 2703.5,
    "medianResTime" : 2703.5,
    "minResTime" : 2465.0,
    "maxResTime" : 2942.0,
    "pct1ResTime" : 2942.0,
    "pct2ResTime" : 2942.0,
    "pct3ResTime" : 2942.0,
    "throughput" : 0.6798096532970768,
    "receivedKBytesPerSec" : 0.06837929129843644,
    "sentKBytesPerSec" : 0.12215329707681849
  },
  "UPDATE Author" : {
    "transaction" : "UPDATE Author",
    "sampleCount" : 2,
    "errorCount" : 2,
    "errorPct" : 100.0,
    "meanResTime" : 1094.5,
    "medianResTime" : 1094.5,
    "minResTime" : 1076.0,
    "maxResTime" : 1113.0,
    "pct1ResTime" : 1113.0,
    "pct2ResTime" : 1113.0,
    "pct3ResTime" : 1113.0,
    "throughput" : 1.4336917562724014,
    "receivedKBytesPerSec" : 0.144209229390681,
    "sentKBytesPerSec" : 0.4354278673835125
  },
  "GET Author by Id" : {
    "transaction" : "GET Author by Id",
    "sampleCount" : 2,
    "errorCount" : 2,
    "errorPct" : 100.0,
    "meanResTime" : 1108.0,
    "medianResTime" : 1108.0,
    "minResTime" : 1092.0,
    "maxResTime" : 1124.0,
    "pct1ResTime" : 1124.0,
    "pct2ResTime" : 1124.0,
    "pct3ResTime" : 1124.0,
    "throughput" : 1.4534883720930232,
    "receivedKBytesPerSec" : 0.1462004905523256,
    "sentKBytesPerSec" : 0.2682708030523256
  },
  "DELETE Author" : {
    "transaction" : "DELETE Author",
    "sampleCount" : 2,
    "errorCount" : 2,
    "errorPct" : 100.0,
    "meanResTime" : 724.0,
    "medianResTime" : 724.0,
    "minResTime" : 694.0,
    "maxResTime" : 754.0,
    "pct1ResTime" : 754.0,
    "pct2ResTime" : 754.0,
    "pct3ResTime" : 754.0,
    "throughput" : 1.9743336623889436,
    "receivedKBytesPerSec" : 0.1985902023692004,
    "sentKBytesPerSec" : 0.40682070582428437
  }
}