{
  "Total" : {
    "transaction" : "Total",
    "sampleCount" : 100,
    "errorCount" : 39,
    "errorPct" : 39.0,
    "meanResTime" : 12622.939999999995,
    "medianResTime" : 11955.0,
    "minResTime" : 3576.0,
    "maxResTime" : 23849.0,
    "pct1ResTime" : 19948.4,
    "pct2ResTime" : 21770.999999999996,
    "pct3ResTime" : 23840.989999999994,
    "throughput" : 2.614994377762088,
    "receivedKBytesPerSec" : 43.213165148335555,
    "sentKBytesPerSec" : 0.28039685808425513
  },
  "HTTP Request" : {
    "transaction" : "HTTP Request",
    "sampleCount" : 100,
    "errorCount" : 39,
    "errorPct" : 39.0,
    "meanResTime" : 12622.939999999995,
    "medianResTime" : 11955.0,
    "minResTime" : 3576.0,
    "maxResTime" : 23849.0,
    "pct1ResTime" : 19948.4,
    "pct2ResTime" : 21770.999999999996,
    "pct3ResTime" : 23840.989999999994,
    "throughput" : 2.614994377762088,
    "receivedKBytesPerSec" : 43.213165148335555,
    "sentKBytesPerSec" : 0.28039685808425513
  }
}